name,gender,probability,count
Sooryanarayana,,0.0,0
Qi,male,0.64,445
Ram,male,0.93,5003
Sunita,female,0.97,695
Xiaosong,male,0.83,12
Bushra,female,0.92,592
Bharathi,female,0.5,139
Xuhong,male,0.67,9
Xiaojun,male,0.75,122
Kalpana,female,0.97,228
J,male,0.86,18599
Jindan,female,0.78,9
Jung,male,0.67,4193
Bo,male,0.79,6996
Patrick,male,0.99,153288
Chandan,male,0.99,776
Robert,male,0.99,177418
Nallasivam,,0.0,0
Christopher,male,0.99,53539
Arul,male,0.95,428
Jennifer,female,0.98,90255
Jian,male,0.9,1562
Il,male,0.84,15035
Di,male,0.59,5179
Joan,male,0.69,27362
Hio,male,0.63,136
Reyno,male,0.94,53
Allan,male,0.99,15455
Kenneth,male,0.98,20666
Avi,male,0.89,2105
Susana,female,0.98,46978
Ravi,male,0.98,6167
Michael,male,0.99,245870
Ji,male,0.79,34324
Nicole,female,0.98,102075
Guang,male,0.92,294
Qikai,male,0.83,6
Mamie,female,0.97,1017
Zhenming,male,1.0,8
Agata,female,0.98,38733
Mathew,male,0.99,4066
Xiaolu,female,0.65,46
Thomas,male,0.99,176440
Anthony,male,0.99,98251
Kenneth,male,0.98,20666
Jennifer,female,0.98,90255
J,male,0.86,18599
Gregory,male,0.99,25701
Stephen,male,0.99,36980
Jose,male,0.98,451671
Krista,female,0.96,2253
Joel,male,0.98,42048
Javier,male,0.99,106497
Michael,male,0.99,245870
Michael,male,0.99,245870
Stephen,male,0.99,36980
Gregory,male,0.99,25701
Kenneth,male,0.98,20666
